Business Name,Address,Phone Number,Website,Email,Number of Reviews,Timezone
San Francisco Sewer Inspection,"555 Fulton St, San Francisco, CA 94102, USA",+1 415-639-9005,N/A,N/A,0,PDT
C R Reichel Engineering Co,"718 Natoma St, San Francisco, CA 94103, USA",+1 415-431-7100,http://www.crreichel.com/,N/A,1,PDT
Hydra Ventures Inc,"214 12th St, San Francisco, CA 94103, USA",+1 415-252-8600,http://www.calpacificsystems.com/,info@calpacificsystems.com,0,PDT
San Francisco Service Plumber,"1360 Mission St, San Francisco, CA 94103, USA",+1 415-690-8642,http://sanfranciscoserviceplumber.weebly.com/,N/A,0,PDT
Plumbing Repairs - San Francisco,"1170 Harrison St, San Francisco, CA 94103, USA",+1 415-650-4030,https://www.plumbingcontractorsanfrancisco.com/contact-page,N/A,1,PDT
Hy,"San Francisco, CA 94102, USA",+1 415-200-5546,N/A,N/A,0,PDT
Urban Plumber's Co San Francisco,"1480 Folsom St, San Francisco, CA 94103, USA",+1 415-325-2110,N/A,N/A,4,PDT
Plumbing Contractors,"752 Van Ness Ave, San Francisco, CA 94102, USA",+1 415-830-9489,N/A,N/A,7,PDT
J E Brown Co Mechanical Contractors,"78 Shotwell St, San Francisco, CA 94103, USA",+1 415-626-4044,N/A,N/A,4,PDT
"Zec & Ros Plumbing, Inc","939 Buchanan St, San Francisco, CA 94102, USA",+1 415-802-3334,http://zecandrosplumbinginc.com/?utm_source=gmb&utm_medium=referral,N/A,0,PDT
Ace Plumbing & Rooter,"1090 Bryant St, San Francisco, CA 94103, USA",+1 415-824-6444,http://aceplumbingandrooter.com/,N/A,5,PDT
